id,phase,verifiedPairs,medianRatio,medianDeltaMs,referenceVerified,candidateVerified,referenceTimeout,candidateTimeout,censoredPairs,missingEnvironment,complete100VerifiedPairs
board-008--restricted-split--S,development,10,1.0017415848050146,3.1209665000005202,10,10,0,0,0,False,False
board-009--restricted-split--O,development,10,0.9209876074351686,-41.536289500000805,10,10,0,0,0,False,False
board-011--restricted-split--O,development,0,,,0,0,10,10,10,False,False
board-011--restricted-split--T,development,10,0.9944748212724692,-480.66828099998384,10,10,0,0,0,True,False
board-012--bag--ordinary,development,10,0.8766800580306937,-69.75191449999764,10,10,0,0,0,True,False
board-012--restricted-split--L,development,2,1.0044412184954112,853.2241555003275,2,2,9,9,9,True,False
board-017--restricted-split--L,development,11,0.9642686893192437,-29.36752100001229,11,11,0,0,0,True,False
board-024--restricted-split--I,development,11,1.0298003448329822,8.908061999929828,11,11,0,0,0,True,False
board-025--restricted-split--J,development,0,,,0,0,19,19,19,False,False
board-026--restricted-split--T,development,19,1.0265599040522055,8.208195999943541,19,19,0,0,0,True,False
board-027--restricted-split--T,development,19,0.9979363067838195,-1.293084999572784,19,19,0,0,0,True,False
board-028--restricted-split--T,development,19,1.0038024708463409,35.335352000023704,19,19,0,0,0,True,False
board-031--restricted-split--S,development,19,1.0109221833812199,3.8001589992185814,19,19,0,0,0,True,False
board-038--restricted-split--Z,development,19,1.004373794689471,2.3233530000023848,19,19,0,0,0,True,False
board-040--restricted-split--I,development,19,1.0132002468179266,4.022974999847349,19,19,0,0,0,True,False
board-041--restricted-split--L,development,19,0.9864605879803844,-8.654823999661062,19,19,0,0,0,True,False
board-044--restricted-split--Z,development,19,1.0119776886093461,3.513594999899169,19,19,0,0,0,True,False
board-049--restricted-split--T,development,19,1.0065921280488457,2.0750990000650518,19,19,0,0,0,True,False
board-052--restricted-split--Z,development,19,1.0184330550405665,7.466784000872167,19,19,0,0,0,True,False
board-064--bag--T,development,19,1.000956536199415,0.7459910001833805,19,19,0,0,0,True,False
board-065--restricted-split--ordinary,development,19,1.027286590025584,10.229454999933125,19,19,0,0,0,True,False
board-067--restricted-split--L,development,19,1.0124771783055075,5.211391000183198,19,19,0,0,0,True,False
board-068--restricted-split--J,development,19,1.029297256572367,8.175512000171125,19,19,0,0,0,True,False
board-070--bag--ordinary,development,19,1.0275250590941094,10.977391000091359,19,19,0,0,0,True,False
board-075--restricted-split--T,development,20,0.9961611578740104,-14.724147000331413,20,20,0,0,0,True,False
board-080--restricted-split--S,development,20,0.9977610778734438,-15.136393499675705,20,20,0,0,0,True,False
board-081--restricted-split--T,development,20,1.045976804730492,14.460602499929337,20,20,0,0,0,True,False
board-085--restricted-split--S,development,20,1.01373923452982,5.154454000580216,20,20,0,0,0,True,False
board-088--restricted-split--ordinary,development,0,,,0,0,20,20,20,False,False
board-090--bag--ordinary,development,20,0.9304554447501505,-74.4635424996165,20,20,0,0,0,True,False
board-093--restricted-split--T,development,20,0.9864224545090593,-160.4661460002426,20,20,0,0,0,True,False
board-099--restricted-split--J,development,20,1.0222100957448221,7.139115999938014,20,20,0,0,0,True,False
board-100--bag--ordinary,development,20,1.045401620949621,15.247685000412872,20,20,0,0,0,True,False
board-105--restricted-split--ordinary,reserved-validation,20,1.0310846642187232,9.589693500346243,20,20,0,0,0,True,False
board-106--bag--ordinary,reserved-validation,20,0.6907055493632401,-201.52549200051305,20,20,0,0,0,True,False
board-106--restricted-split--I,reserved-validation,20,1.0090954361495315,3.682041999649414,20,20,0,0,0,True,False
board-106--restricted-split--J,reserved-validation,20,1.0161199306296536,5.619690000086507,20,20,0,0,0,True,False
board-106--restricted-split--L,reserved-validation,20,1.0104356143833786,4.045101499917507,20,20,0,0,0,True,False
board-106--restricted-split--O,reserved-validation,20,1.0369590984144637,11.417158499994088,20,20,0,0,0,True,False
board-106--restricted-split--S,reserved-validation,20,1.0226985605513665,7.698726500934725,20,20,0,0,0,True,False
board-106--restricted-split--T,reserved-validation,20,1.0222597322787794,6.82444600000855,20,20,0,0,0,True,False
board-106--restricted-split--Z,reserved-validation,20,1.030254234638412,9.302661499451375,20,20,0,0,0,True,False
board-107--bag--ordinary,reserved-validation,20,1.051189886862923,17.6313499999047,20,20,0,0,0,True,False
board-107--restricted-split--I,reserved-validation,20,1.024277354129897,7.176361000061775,20,20,0,0,0,True,False
board-107--restricted-split--J,reserved-validation,20,1.0198502738066915,6.51386750052643,20,20,0,0,0,True,False
board-107--restricted-split--L,reserved-validation,20,1.0048269062007003,1.447631999902427,20,20,0,0,0,True,False
board-107--restricted-split--O,reserved-validation,20,1.0186172880288518,4.899336999800525,20,20,0,0,0,True,False
board-107--restricted-split--S,reserved-validation,20,1.0049548936064083,1.5450519997827001,20,20,0,0,0,True,False
board-107--restricted-split--T,reserved-validation,20,1.0217282418314153,6.09370700081692,20,20,0,0,0,True,False
board-107--restricted-split--Z,reserved-validation,20,1.0220448674470446,6.77270700027988,20,20,0,0,0,True,False
board-108--restricted-split--I,reserved-validation,20,1.0233331712384357,5.125467499952137,20,20,0,0,0,True,False
board-108--restricted-split--J,reserved-validation,20,1.0058503186522028,1.5146589999213234,20,20,0,0,0,True,False
board-108--restricted-split--L,reserved-validation,20,1.0148146586915467,3.9354724999265898,20,20,0,0,0,True,False
board-108--restricted-split--ordinary,reserved-validation,20,1.0256535798198414,8.941451999851012,20,20,0,0,0,True,False
board-110--bag--ordinary,reserved-validation,20,1.0148701946939453,5.319823499630871,20,20,0,0,0,True,False
board-110--restricted-split--I,reserved-validation,20,1.0234014526291082,12.150522999947356,20,20,0,0,0,True,False
board-110--restricted-split--L,reserved-validation,20,1.0323330258106154,16.718785999975978,20,20,0,0,0,True,False
board-110--restricted-split--O,reserved-validation,20,1.023133052511624,11.034745999545152,20,20,0,0,0,True,False
board-110--restricted-split--S,reserved-validation,20,1.0226368047864536,10.761220499981448,20,20,0,0,0,True,False
board-110--restricted-split--T,reserved-validation,20,1.009747989441259,3.1499565005149464,20,20,0,0,0,True,False
board-111--restricted-split--I,reserved-validation,20,1.0211914413384875,6.778821999746782,20,20,0,0,0,True,False
board-111--restricted-split--J,reserved-validation,20,1.0124580535072472,3.792139500087785,20,20,0,0,0,True,False
board-111--restricted-split--L,reserved-validation,20,1.025691218799937,6.928729499907547,20,20,0,0,0,True,False
board-111--restricted-split--O,reserved-validation,20,1.0142520165550561,3.96375049992335,20,20,0,0,0,True,False
board-111--restricted-split--S,reserved-validation,20,1.0313727438533464,8.741137000033774,20,20,0,0,0,True,False
board-111--restricted-split--Z,reserved-validation,20,1.0375778952401666,9.778708500077528,20,20,0,0,0,True,False
board-111--restricted-split--ordinary,reserved-validation,20,0.8057692442432407,-116.02097950000044,20,20,0,0,0,True,False
board-112--restricted-split--J,reserved-validation,20,1.0409962224179732,9.847503999782973,20,20,0,0,0,True,False
board-112--restricted-split--L,reserved-validation,20,1.0216421421209447,5.938634999862245,20,20,0,0,0,True,False
board-112--restricted-split--O,reserved-validation,20,1.0059254766414216,1.6132469998825911,20,20,0,0,0,True,False
board-112--restricted-split--S,reserved-validation,20,1.0118915880131276,2.985253500485058,20,20,0,0,0,True,False
board-112--restricted-split--Z,reserved-validation,20,1.0084892790369018,2.3178480008653253,20,20,0,0,0,True,False
board-112--restricted-split--ordinary,reserved-validation,20,1.0437076550567375,14.468496000056689,20,20,0,0,0,True,False
board-113--restricted-split--I,reserved-validation,20,1.0223714585662398,7.784722000200304,20,20,0,0,0,True,False
board-113--restricted-split--J,reserved-validation,20,1.025064333715287,7.154023499666664,20,20,0,0,0,True,False
board-113--restricted-split--L,reserved-validation,20,1.0269962630563898,9.078399499891702,20,20,0,0,0,True,False
board-113--restricted-split--O,reserved-validation,20,1.0240411677996517,5.703931500113498,20,20,0,0,0,True,False
board-113--restricted-split--S,reserved-validation,20,1.0045800400228,1.5078085000027386,20,20,0,0,0,True,False
board-113--restricted-split--T,reserved-validation,20,1.0057649773926491,1.7434945001204483,20,20,0,0,0,True,False
board-113--restricted-split--Z,reserved-validation,20,1.027287388768141,8.60742099998481,20,20,0,0,0,True,False
board-113--restricted-split--ordinary,reserved-validation,20,0.9892037482644036,-3.8851489999195508,20,20,0,0,0,True,False
board-114--restricted-split--I,reserved-validation,20,1.0385055458351418,11.605107999989428,20,20,0,0,0,True,False
board-114--restricted-split--J,reserved-validation,20,1.027954701892662,8.10042149986495,20,20,0,0,0,True,False
board-114--restricted-split--L,reserved-validation,20,1.0187731749395983,4.682074500437778,20,20,0,0,0,True,False
board-114--restricted-split--O,reserved-validation,20,1.0136097453489352,4.0410544994142015,20,20,0,0,0,True,False
board-114--restricted-split--S,reserved-validation,20,1.010459960168446,3.0315884999355376,20,20,0,0,0,True,False
board-114--restricted-split--T,reserved-validation,20,1.0114861581110488,3.311363999850016,20,20,0,0,0,True,False
board-114--restricted-split--ordinary,reserved-validation,20,1.0449491065464003,12.920229000424783,20,20,0,0,0,True,False
board-115--bag--ordinary,reserved-validation,20,1.0407546273564052,13.204576500118662,20,20,0,0,0,True,False
board-115--restricted-split--J,reserved-validation,20,1.0218119554780214,8.61784650015204,20,20,0,0,0,True,False
board-115--restricted-split--L,reserved-validation,20,1.0232486545244035,8.837418499407335,20,20,0,0,0,True,False
board-115--restricted-split--O,reserved-validation,20,1.020317782416321,7.367238000102617,20,20,0,0,0,True,False
board-115--restricted-split--S,reserved-validation,20,1.0055818594839305,2.2793379998922205,20,20,0,0,0,True,False
board-115--restricted-split--T,reserved-validation,20,1.014814827760964,5.597949500391877,20,20,0,0,0,True,False
board-115--restricted-split--Z,reserved-validation,20,1.0280779222351517,10.325709000002234,20,20,0,0,0,True,False
board-116--restricted-split--L,reserved-validation,20,1.022904552688804,6.53182350000597,20,20,0,0,0,True,False
board-116--restricted-split--Z,reserved-validation,20,1.0160247466278707,4.528985499863211,20,20,0,0,0,True,False
board-116--restricted-split--ordinary,reserved-validation,20,1.0203194332771897,6.286077000091524,20,20,0,0,0,True,False
board-117--restricted-split--O,reserved-validation,0,,,0,0,20,20,20,False,False
board-117--restricted-split--S,reserved-validation,20,1.0030923609933484,275.606754500026,20,20,0,0,0,True,False
board-117--restricted-split--T,reserved-validation,20,1.000139019635935,1.9618345000362751,20,20,0,0,0,True,False
board-117--restricted-split--Z,reserved-validation,0,,,0,0,20,20,20,False,False
board-118--restricted-split--I,reserved-validation,20,0.9926203427137027,-155.22987300007026,20,20,0,0,0,True,False
board-118--restricted-split--J,reserved-validation,20,0.992896018555179,-3.8341974998132855,20,20,0,0,0,True,False
board-118--restricted-split--L,reserved-validation,20,1.0130832078215009,6.676427000028326,20,20,0,0,0,True,False
board-118--restricted-split--O,reserved-validation,20,0.9617579034129984,-16.729905000167832,20,20,0,0,0,True,False
board-118--restricted-split--S,reserved-validation,20,1.005349281266087,3.306774499826929,20,20,0,0,0,True,False
board-118--restricted-split--T,reserved-validation,20,0.9958007234555584,-1.448415499897834,20,20,0,0,0,True,False
board-118--restricted-split--Z,reserved-validation,20,1.000515218168124,0.1515085002117189,20,20,0,0,0,True,False
board-119--restricted-split--I,reserved-validation,20,1.0089805996366767,2.5266629998745174,20,20,0,0,0,True,False
board-119--restricted-split--J,reserved-validation,20,1.032386666471496,8.366236499657873,20,20,0,0,0,True,False
board-119--restricted-split--L,reserved-validation,20,1.0236231798473052,5.284300000405494,20,20,0,0,0,True,False
board-119--restricted-split--S,reserved-validation,20,1.0193589502965126,4.958985999989977,20,20,0,0,0,True,False
board-119--restricted-split--T,reserved-validation,20,1.0341431453668681,9.35514299990129,20,20,0,0,0,True,False
board-119--restricted-split--Z,reserved-validation,20,1.0073382444001069,2.1142254999806482,20,20,0,0,0,True,False
board-119--restricted-split--ordinary,reserved-validation,20,1.0371668562323864,12.098579500073157,20,20,0,0,0,True,False
board-120--restricted-split--I,reserved-validation,20,1.0021464104128963,21.62675549996129,20,20,0,0,0,True,False
board-120--restricted-split--O,reserved-validation,20,1.0355220612686757,17.67982699993493,20,20,0,0,0,True,False
board-120--restricted-split--S,reserved-validation,20,1.0045498050962238,7.713782499937679,20,20,0,0,0,True,False
board-120--restricted-split--T,reserved-validation,20,1.0253478205671145,15.483441499799767,20,20,0,0,0,True,False
board-120--restricted-split--Z,reserved-validation,20,1.0081885991134518,10.256984000042053,20,20,0,0,0,True,False
board-028--restricted-split--ordinary,development,0,,,0,0,20,20,20,False,False
