matrixId,phase,control,A0/R_ratio,A0/R_deltaMs,A0/R_fasterHosts,A0/R_above1_10Hosts,M1/A0_ratio,M1/A0_deltaMs,M1/A0_fasterHosts,M1/A0_above1_10Hosts,M2/A0_ratio,M2/A0_deltaMs,M2/A0_fasterHosts,M2/A0_above1_10Hosts,M1/R_ratio,M1/R_deltaMs,M1/R_fasterHosts,M1/R_above1_10Hosts,M2/R_ratio,M2/R_deltaMs,M2/R_fasterHosts,M2/R_above1_10Hosts,M1/M2_ratio,M1/M2_deltaMs,M1/M2_fasterHosts,M1/M2_above1_10Hosts,M1_verdict,M2_verdict
board-031--restricted-split--S,development,False,1.0288727166714313,0.9758784999999932,1,2,0.9171909198106858,-2.807156499999998,4,0,0.9570914428594075,-1.5732334999999793,2,0,0.9576484805939498,-1.438845999999998,2,0,1.0334404503957464,1.064560499999999,1,0,0.9437110338548513,-2.0760599999999982,3,0,A0_IMPROVED_R_COMPARISON_SEPARATE,NO_CONSISTENT_A0_IMPROVEMENT
board-115--restricted-split--T,reserved,False,1.1024191844122335,1.9521239999999977,2,3,0.9548034425875251,-0.8790880000000172,3,0,1.0421099345521643,0.725483500000017,2,2,1.040097125345461,0.7022010000000023,2,2,1.1518642539498596,2.5309070000000062,0,1,0.9243112806986384,-1.4581440000000185,4,0,ENVIRONMENT_SENSITIVE,ENVIRONMENT_SENSITIVE
board-106--bag--ordinary,reserved,False,0.3466588446013269,-214.4435665,5,0,0.9314875158129039,-7.625805,5,0,0.9915155279587059,-1.0095579999999842,4,0,0.31841777700376345,-224.53952850000002,5,0,0.349287528961272,-214.266354,5,0,0.9008698749921726,-10.616700500000036,5,0,ENVIRONMENT_SENSITIVE,ENVIRONMENT_SENSITIVE
board-027--restricted-split--T,development,False,1.0029806477411858,0.40413550000000953,2,0,0.8974584016342706,-13.98546000000001,5,0,0.9821050227440824,-2.2704609999999974,3,0,0.9026014934083999,-12.03043850000001,5,0,0.990039619043932,-1.3878944999999874,4,0,0.9248605052829688,-10.212208000000011,4,0,A0_IMPROVED_R_COMPARISON_SEPARATE,NO_CONSISTENT_A0_IMPROVEMENT
board-012--bag--ordinary,development,False,0.5019111480514926,-77.413868,5,0,0.9003159871954951,-8.189823999999987,4,0,1.0167255242418052,1.310520000000011,2,2,0.4488312510576009,-95.87287649999999,5,0,0.5140581329232701,-83.53802599999997,5,0,0.8825108207211116,-9.745005000000006,5,0,A0_IMPROVED_R_COMPARISON_SEPARATE,NO_CONSISTENT_A0_IMPROVEMENT
board-116--restricted-split--ordinary,reserved,False,0.8226034685071288,-2.5750910000000076,4,1,1.1042958002874936,1.6911764999999974,0,4,1.0507871370757882,0.6227145000000078,1,3,0.9774300201268885,-0.3524829999999852,2,1,0.9443892398018303,-0.9917170000000013,3,1,1.0436183261991785,0.6126004999999992,2,1,ENVIRONMENT_SENSITIVE,ENVIRONMENT_SENSITIVE
board-112--restricted-split--O,reserved,False,0.9752387277600341,-0.12566199999999839,2,1,0.9415086335745861,-0.354041500000001,3,0,1.0311707849613039,0.13710999999999274,1,2,0.9615797136393198,-0.1989809999999963,3,1,1.0346749341614707,0.1971019999999868,3,1,0.9984050373367885,-0.01576000000000022,4,0,ENVIRONMENT_SENSITIVE,ENVIRONMENT_SENSITIVE
board-118--restricted-split--J,reserved,False,0.8464107321319412,-11.272435000000009,4,0,0.8507954197025025,-9.479319500000003,5,0,0.9667606403945763,-1.6650545000000037,2,0,0.7156185069675352,-22.790733499999988,5,0,0.8563473113367546,-10.605393999999997,5,0,0.8434681645957214,-10.318280000000001,5,0,ENVIRONMENT_SENSITIVE,ENVIRONMENT_SENSITIVE
board-116--restricted-split--L,reserved,False,0.9762369298387126,-0.13895250000000203,3,2,0.997697060211274,-0.006010500000002139,2,0,1.0202205104662467,0.11961649999999935,0,1,0.9518364668820143,-0.2929769999999934,3,0,1.0063555831763003,-0.008918500000000051,3,2,1.0305025062079238,0.11847199999999702,2,0,ENVIRONMENT_SENSITIVE,ENVIRONMENT_SENSITIVE
board-114--restricted-split--O,reserved,False,0.9950654001108437,-0.06710549999999671,2,0,0.9511659516971129,-0.4724920000000097,3,0,1.0918364062230317,0.7916634999999985,1,3,0.9311841939681198,-0.5808264999999935,4,0,1.0407258464971614,0.29642750000000007,2,1,0.9162236827091343,-0.7058705000000032,5,0,ENVIRONMENT_SENSITIVE,ENVIRONMENT_SENSITIVE
board-112--restricted-split--Z,reserved,False,0.9905507691674912,-0.06122900000000442,3,1,0.985730424391969,-0.07707950000000352,3,0,1.0178833662761044,0.09456399999999121,1,0,0.9782478009524231,-0.12985049999999632,4,0,1.0012646818353408,-0.0019789999999986208,4,0,0.9677346417356429,-0.1578139999999948,3,0,ENVIRONMENT_SENSITIVE,ENVIRONMENT_SENSITIVE
board-116--restricted-split--Z,reserved,False,1.0654497415565771,0.31686349999999663,1,2,0.9309285696933283,-0.3266544999999965,5,0,0.9152685398920474,-0.4821564999999879,4,1,0.9839205915108816,-0.10522200000000481,4,0,0.9630480567988821,-0.24337899999999735,3,1,1.0284397067556712,0.17741499999999633,2,2,ENVIRONMENT_SENSITIVE,ENVIRONMENT_SENSITIVE
board-085--restricted-split--S,development,False,0.9560498837292727,-3.9427975000000117,4,0,0.9412161482421235,-5.321017499999989,5,0,1.0489062309691137,4.286261999999994,1,1,0.9125445371123695,-6.589661499999998,5,0,1.006103445185787,0.26067449999999326,1,0,0.8704141461160435,-11.312870000000004,5,0,A0_IMPROVED_R_COMPARISON_SEPARATE,NO_CONSISTENT_A0_IMPROVEMENT
board-108--restricted-split--J,reserved,False,0.9456774933319987,-0.7491629999999958,3,2,1.0907440518643639,0.6087794999999971,1,3,1.0092866009248744,0.0734185000000096,1,3,0.9573974147042474,-0.2577269999999956,2,2,1.054806513910151,0.3859120000000047,3,2,1.071439831686045,0.45445149999999757,1,2,ENVIRONMENT_SENSITIVE,ENVIRONMENT_SENSITIVE
board-117--restricted-split--O,reserved,False,1.041345258063147,5.76790299999999,1,0,0.9423743148828965,-8.184263500000007,4,0,1.004250061993405,0.6675534999999968,2,0,0.9795584502871199,-2.061019000000016,3,0,1.0478436135068931,7.218501499999974,0,0,0.9387976068806728,-8.465986499999993,4,0,ENVIRONMENT_SENSITIVE,ENVIRONMENT_SENSITIVE
board-114--restricted-split--I,reserved,False,0.9233265289373043,-1.6838599999999957,3,1,1.0599734341721978,1.0095234999999931,1,2,1.0022537529423972,0.13708949999999476,2,3,1.0258120397791195,0.5111415000000079,2,0,0.9898285466814588,-0.13381600000000304,2,1,1.0447028979769386,1.1040435000000102,1,1,ENVIRONMENT_SENSITIVE,ENVIRONMENT_SENSITIVE
board-107--restricted-split--L,reserved,False,0.9377805046660146,-0.49014700000000744,3,2,1.0230653874061,0.1560905000000048,2,2,1.0005405344167444,0.011758500000006222,3,2,0.953871848258037,-0.2859989999999968,3,2,0.9568923257761583,-0.41152699999999953,2,0,0.9698255018138042,-0.30574550000000755,2,2,ENVIRONMENT_SENSITIVE,ENVIRONMENT_SENSITIVE
board-110--restricted-split--L,reserved,False,1.0206564239212998,2.9740005000000025,1,0,0.9487533445533698,-7.344464999999964,4,0,1.0408878919851596,5.086399499999992,1,0,0.9773116220134836,-3.0522635000000236,3,0,1.0553429630859954,6.895099999999992,0,1,0.9205101964047857,-11.586172000000012,5,0,ENVIRONMENT_SENSITIVE,ENVIRONMENT_SENSITIVE
board-118--restricted-split--O,reserved,False,0.7522597191182402,-19.313461499999995,5,0,0.9528025256920796,-2.6971235000000036,3,0,0.9856053205418548,-0.9980815000000121,1,0,0.7273245285876896,-20.459146000000004,5,0,0.7551622830694851,-17.26784200000001,5,0,0.9400980135277581,-2.948679999999996,3,0,ENVIRONMENT_SENSITIVE,ENVIRONMENT_SENSITIVE
board-114--restricted-split--S,reserved,False,1.01566082040526,0.10487250000000614,2,0,0.9835685022110955,-0.07895849999999882,3,1,1.0806615975777392,0.493164500000006,0,2,1.012487895033559,0.06425550000000158,2,1,1.085945348928549,0.48462349999999077,1,2,0.9403510513444244,-0.4266670000000019,5,0,ENVIRONMENT_SENSITIVE,ENVIRONMENT_SENSITIVE
board-075--restricted-split--T,development,False,1.0068884600368984,0.5492890000000017,2,1,0.9349386679306655,-6.84602850000001,5,0,0.9451309354187817,-5.207121499999985,3,0,0.9472970104547489,-5.958188000000014,4,0,0.9669020617459352,-2.953971000000003,3,0,0.9721807994303315,-2.4662225000000078,4,0,A0_IMPROVED_R_COMPARISON_SEPARATE,NO_CONSISTENT_A0_IMPROVEMENT
board-107--restricted-split--O,reserved,False,1.0722306492662539,0.4159209999999973,0,2,0.9433718973880011,-0.33409950000000066,3,1,0.947976459211842,-0.30772050000000206,3,0,1.0235217195271176,0.15048300000000836,2,2,1.0408171198341831,0.22105899999999679,1,2,1.0082568040741624,0.02847099999999614,3,1,ENVIRONMENT_SENSITIVE,ENVIRONMENT_SENSITIVE
board-111--restricted-split--L,reserved,False,0.9654347003772759,-0.14333799999999997,3,1,1.060630416243131,0.37723749999999256,1,2,1.071075960511442,0.45367249999999615,1,2,1.0304813967897641,0.1948474999999945,3,2,1.0116407860411711,0.07161850000000669,2,0,1.0064277845985825,0.04169399999999257,2,2,ENVIRONMENT_SENSITIVE,ENVIRONMENT_SENSITIVE
board-028--restricted-split--T,development,False,1.0067132913393984,0.783675499999994,3,0,0.9533510192094194,-5.865754499999994,3,0,0.9955844429357155,-0.366183499999984,3,0,0.9615212687664477,-4.37351000000001,3,0,0.9940177955227174,-0.6065365000000043,4,0,0.9663021332842108,-3.14768999999999,4,0,NO_CONSISTENT_A0_IMPROVEMENT,NO_CONSISTENT_A0_IMPROVEMENT
board-115--restricted-split--O,reserved,False,1.058820547718033,0.8905540000000016,2,2,1.0952623973917301,1.5168675000000036,1,3,1.0433989846776988,0.6415829999999971,2,2,1.1595703623539224,2.407421500000005,2,3,1.0459865153402075,0.7388629999999949,2,2,1.076732576599377,1.321765500000005,3,1,ENVIRONMENT_SENSITIVE,ENVIRONMENT_SENSITIVE
board-119--restricted-split--L,reserved,False,1.0333605554287604,0.13546099999999228,1,2,0.9790444966911034,-0.10191600000000278,4,0,0.9895155839717729,-0.04618149999999588,3,2,0.9692839128222744,-0.17490449999998958,3,0,1.0685587338546219,0.33805449999999126,1,2,0.85339684425632,-0.6582309999999865,3,1,ENVIRONMENT_SENSITIVE,ENVIRONMENT_SENSITIVE
board-090--bag--ordinary,development,False,0.5576816053200123,-82.31644899999999,5,0,0.8866369017325759,-9.856112499999995,5,0,0.9652380763494653,-3.768811499999984,4,0,0.501347722040959,-88.97470249999999,5,0,0.5380215145477032,-85.00912699999999,5,0,0.9325146588457833,-6.880734500000003,3,0,A0_IMPROVED_R_COMPARISON_SEPARATE,A0_IMPROVED_R_COMPARISON_SEPARATE
board-114--restricted-split--ordinary,reserved,False,1.021820748907381,0.6559599999999932,1,1,1.0097162124011425,0.35201299999999947,1,1,0.9420281136678601,-2.1750075000000066,5,0,1.0239910804036487,0.738990500000007,1,2,0.9689192187912734,-0.8657144999999957,3,0,1.0693533808519833,2.398777999999993,0,2,ENVIRONMENT_SENSITIVE,ENVIRONMENT_SENSITIVE
board-108--restricted-split--I,reserved,False,1.0392544403638078,0.16299100000000522,1,0,0.946834687716071,-0.2515590000000074,2,1,1.0226617500345192,0.08844700000000216,2,0,1.010283526093276,0.05857699999999966,2,1,1.0363215754551398,0.14307899999999307,1,1,0.9629657465623932,-0.14048599999999567,2,1,ENVIRONMENT_SENSITIVE,ENVIRONMENT_SENSITIVE
board-117--restricted-split--T,reserved,False,0.9677162739200049,-4.532972500000014,3,0,0.9234457503438576,-12.5876375,4,0,0.9654368258106769,-3.7521640000000076,2,0,0.8874504656906614,-17.348763000000005,4,0,0.962477569293513,-6.460591999999991,4,0,0.9383896542035106,-9.115512000000017,4,0,ENVIRONMENT_SENSITIVE,ENVIRONMENT_SENSITIVE
board-105--restricted-split--ordinary,reserved,False,0.8963156394902321,-1.0613710000000012,3,2,1.0197478793785804,0.1627019999999959,2,1,1.0125202838328347,0.10997600000001029,2,1,0.9791947983423936,-0.23877600000000143,3,2,0.9541376837738653,-0.5240865000000028,4,0,1.1031514247253094,0.6518845000000013,2,3,ENVIRONMENT_SENSITIVE,ENVIRONMENT_SENSITIVE
board-111--restricted-split--I,reserved,False,1.0016568684235019,0.049480499999994265,3,0,0.9361651380182563,-1.4373560000000012,4,0,0.9935943415773592,-0.21657849999999712,2,0,0.9420553102234704,-1.4629495000000006,4,0,0.9884030794103269,-0.25107649999999637,2,0,0.9489967028829154,-0.9850954999999999,3,0,ENVIRONMENT_SENSITIVE,ENVIRONMENT_SENSITIVE
board-111--restricted-split--J,reserved,False,1.0214487652177806,0.16569450000000785,3,1,0.8978230188242515,-0.7409219999999976,4,1,1.018698867536702,0.13064799999999366,3,1,0.8723198864095462,-0.9874625000000066,4,1,0.968732020310767,-0.24383349999999382,3,1,0.9043312167127091,-0.5921239999999983,5,0,ENVIRONMENT_SENSITIVE,ENVIRONMENT_SENSITIVE
board-108--restricted-split--L,reserved,False,0.99843158333405,-0.0036029999999982465,2,1,0.9687539584006584,-0.18805700000000058,3,2,0.995025795893194,-0.03470049999999958,2,2,0.9256552081732804,-0.4984864999999985,3,2,0.990430652243708,-0.049197999999996966,3,1,0.9676505672221797,-0.19677500000000236,3,2,ENVIRONMENT_SENSITIVE,ENVIRONMENT_SENSITIVE
board-099--restricted-split--J,development,False,1.0583835803388004,0.8597120000000018,2,1,0.981954617689174,-0.309796999999989,3,1,0.9416416627472122,-1.1440125000000094,3,1,1.0002780247497511,-0.1603654999999975,2,2,0.9733754592878303,-0.4383435000000091,2,1,1.02395362127488,0.43044500000000596,3,2,NO_CONSISTENT_A0_IMPROVEMENT,NO_CONSISTENT_A0_IMPROVEMENT
board-106--restricted-split--I,reserved,False,0.8762012723793177,-4.810729500000008,5,0,0.893829335163373,-3.044843499999992,5,0,1.0000458442962419,-0.002066999999975394,2,0,0.7449216199637827,-9.251606500000001,5,0,0.87258893374344,-5.60600800000001,5,0,0.9315915185825148,-2.275477500000008,5,0,ENVIRONMENT_SENSITIVE,ENVIRONMENT_SENSITIVE
board-106--restricted-split--J,reserved,False,1.0232642568854442,0.11214900000000227,2,2,0.9627494036540885,-0.22116999999999365,2,2,1.0004242912390202,0.0015169999999997685,3,1,1.0818516868120245,0.7326369999999969,2,3,1.051911966163959,0.3446145000000058,2,1,1.0709371767046152,0.6309520000000006,2,3,ENVIRONMENT_SENSITIVE,ENVIRONMENT_SENSITIVE
board-111--restricted-split--S,reserved,False,1.002528500516208,0.07862200000000286,4,1,0.9502071029820092,-0.7118879999999947,2,1,1.0911660240557461,1.6563335000000095,2,2,0.9403248118949086,-1.3007695000000012,3,0,1.0088782593428274,0.23976749999999214,3,2,0.9339370102889122,-1.5706045000000017,3,0,ENVIRONMENT_SENSITIVE,ENVIRONMENT_SENSITIVE
board-064--bag--T,development,False,0.7902168016218641,-10.763243499999987,5,0,0.9270884673111975,-3.153321499999997,3,0,0.9884235771447546,-0.3879230000000007,3,0,0.720250155829548,-17.566745499999982,5,0,0.7753377574477079,-12.568722500000007,5,0,0.9938598601490789,-0.23699849999998435,3,0,NO_CONSISTENT_A0_IMPROVEMENT,NO_CONSISTENT_A0_IMPROVEMENT
board-119--restricted-split--S,reserved,False,1.0263487946436023,0.2808444999999864,1,2,1.056041690672355,0.5643650000000093,1,2,1.0125963710034784,0.14365949999999827,3,1,1.09305170863637,0.7903050000000036,0,3,1.047954472593327,0.4306695000000005,1,1,1.0053997272840862,0.060902000000005785,2,2,ENVIRONMENT_SENSITIVE,ENVIRONMENT_SENSITIVE
board-011--restricted-split--O,development,False,1.010851660800177,2.938061499999961,1,0,0.7191313547000553,-96.61019500000003,5,0,0.993727942789298,-1.2883525000000304,3,0,0.72513830216013,-99.208504,5,0,0.9946547720335125,-1.6352675000000545,3,0,0.7305538259131756,-96.63136599999999,5,0,A0_IMPROVED_R_COMPARISON_SEPARATE,NO_CONSISTENT_A0_IMPROVEMENT
board-113--restricted-split--J,reserved,False,1.0137248216155363,0.19344050000000124,2,1,0.9314243779393194,-1.1621539999999868,5,0,0.9751405071755003,-0.29143300000000494,3,1,0.9367096494413198,-1.038230999999989,3,1,1.0047553475333677,0.05937850000000111,2,1,0.9758099535293471,-0.47818800000000294,3,0,ENVIRONMENT_SENSITIVE,ENVIRONMENT_SENSITIVE
board-120--restricted-split--O,reserved,False,1.0141468516348118,0.43405100000000374,1,1,0.9538148933008619,-1.1846015000000065,5,0,0.9772717440695817,-0.7076430000000187,3,1,0.946230572899951,-1.3928804999999969,5,0,0.9987682234711819,-0.03834249999999173,3,1,0.9657021149989764,-1.0664695000000108,5,0,ENVIRONMENT_SENSITIVE,ENVIRONMENT_SENSITIVE
board-107--restricted-split--J,reserved,False,1.1497434346519175,2.5130835000000005,1,3,0.8580766790674392,-2.116368499999993,5,0,0.9775282307101716,-0.6455505000000059,4,0,0.9871111472375047,-0.23623100000000363,2,1,1.0737772230371665,0.7394239999999996,1,2,0.9205331625725959,-1.0767120000000006,4,0,ENVIRONMENT_SENSITIVE,ENVIRONMENT_SENSITIVE
board-111--restricted-split--ordinary,reserved,False,0.7866403043595169,-32.43980649999999,5,0,0.9775894795759936,-2.0555465000000126,4,0,0.9812087476417749,-2.3529674999999983,3,0,0.7551556496633709,-35.48985800000003,5,0,0.7867656220690266,-36.22264649999998,5,0,0.9636163024128854,-3.7203104999999965,3,0,ENVIRONMENT_SENSITIVE,ENVIRONMENT_SENSITIVE
board-052--restricted-split--Z,development,False,0.8521415602612732,-3.542803499999991,5,0,1.0145386586032914,0.5339154999999991,3,1,1.009004631916878,0.2351344999999938,2,0,0.8658638606827165,-3.5319319999999976,5,0,0.872808470448309,-3.0234014999999843,5,0,1.0388759624918924,0.7030335000000036,3,1,NO_CONSISTENT_A0_IMPROVEMENT,NO_CONSISTENT_A0_IMPROVEMENT
board-115--restricted-split--J,reserved,False,1.1017966988367547,1.2334940000000074,2,3,0.9332152016525594,-1.3410214999999823,3,0,1.0585218303277963,0.8292000000000073,3,2,0.9296057693388541,-1.0724554999999896,3,2,1.1080347073128234,1.7222329999999886,1,2,0.9180666169325655,-1.1136809999999926,3,1,ENVIRONMENT_SENSITIVE,ENVIRONMENT_SENSITIVE
board-107--restricted-split--Z,reserved,False,1.1377024874126243,1.335899999999981,1,1,0.9097541231239377,-1.437925,4,1,0.9914919440567784,-0.08151999999998338,3,2,1.0008488784713907,-0.016449000000008596,4,1,1.1103735977068698,0.8883004999999997,0,3,0.9807881187739151,-0.2736114999999941,4,1,ENVIRONMENT_SENSITIVE,ENVIRONMENT_SENSITIVE
board-120--restricted-split--Z,reserved,True,1.0363914447629328,3.9797835000000177,3,0,0.9057253855212899,-9.559435000000008,5,0,1.0185253874137443,1.925640499999993,2,0,0.9231250656491584,-9.653009999999995,5,0,1.0197941063442642,1.7792109999999894,1,0,0.9175987082142065,-10.086371499999984,5,0,ENVIRONMENT_SENSITIVE,ENVIRONMENT_SENSITIVE
board-110--restricted-split--O,reserved,False,0.9847750473359592,-1.4931589999999773,2,0,0.9912753925341644,-1.0922074999999936,5,0,0.9779627264934384,-2.0483360000000133,4,0,0.9629528849392828,-4.815696500000001,3,0,0.9913500648824436,-1.1528139999999922,3,0,0.9728057343801093,-2.633765000000011,3,0,ENVIRONMENT_SENSITIVE,ENVIRONMENT_SENSITIVE
board-067--restricted-split--L,development,False,1.0393574883267371,0.7056940000000012,2,3,1.069401474973857,1.6508234999999942,2,2,1.0265079925646077,0.4654134999999897,2,1,1.0417755453966455,0.7733709999999974,1,2,1.021792457552296,0.21417000000000286,1,1,1.0928028747830711,2.088624000000003,1,2,NO_CONSISTENT_A0_IMPROVEMENT,NO_CONSISTENT_A0_IMPROVEMENT
board-017--restricted-split--L,development,False,1.0228130642862856,3.7623344999999944,1,0,0.7406288907365559,-40.451104,5,0,1.0050636572048322,0.7126229999999936,1,0,0.764993301567519,-35.69579850000001,5,0,1.051026374380489,7.376695500000011,1,0,0.7508684706289075,-40.55996099999999,5,0,A0_IMPROVED_R_COMPARISON_SEPARATE,NO_CONSISTENT_A0_IMPROVEMENT
board-040--restricted-split--I,development,False,0.9823602397433144,-0.1427564999999973,3,1,0.9832201027477958,-0.15287649999999076,4,1,1.0681370921154856,0.5434499999999929,2,2,0.9652243339431218,-0.21751999999999327,3,1,1.1266861038464602,0.8454295000000016,2,2,0.8906571979998205,-0.8581374999999909,3,2,A0_IMPROVED_R_COMPARISON_SEPARATE,NO_CONSISTENT_A0_IMPROVEMENT
board-112--restricted-split--J,reserved,False,1.077981259484293,0.42725449999999654,1,1,0.9775808472005265,-0.09555749999999463,2,2,0.9662982655975229,-0.20164999999999367,3,1,1.0980109879986197,0.40548199999999923,0,2,1.0520308061331562,0.20167949999999735,0,2,1.0266594445713415,0.15031099999999498,1,2,ENVIRONMENT_SENSITIVE,ENVIRONMENT_SENSITIVE
board-117--restricted-split--Z,reserved,True,0.9898887219271268,-1.6570765000000023,3,0,0.9194101645704316,-9.575210499999997,5,0,0.9856371606726047,-1.5719760000000065,3,0,0.904203392056373,-12.812202000000006,5,0,0.9875794033743956,-1.975018499999976,3,0,0.9291379413692751,-9.516763999999995,5,0,ENVIRONMENT_SENSITIVE,ENVIRONMENT_SENSITIVE
board-049--restricted-split--T,development,False,1.0060704104653846,0.04915350000000274,3,1,0.9190149690987413,-0.6105559999999954,3,0,1.1600302224403092,1.352164000000002,0,3,0.930384939182719,-0.5094934999999978,5,0,1.1765523514700633,1.5356995000000069,2,3,0.8296547517522774,-1.8322495000000103,4,0,NO_CONSISTENT_A0_IMPROVEMENT,NO_CONSISTENT_A0_IMPROVEMENT
board-115--restricted-split--S,reserved,False,1.0041362375260845,0.10061899999999468,2,0,0.9469291791361175,-2.011832499999997,5,0,1.0039902401660146,0.15428099999999034,2,0,0.9778876657676547,-0.63614350000001,5,0,1.0273561551658685,1.0020369999999872,2,1,0.9095944597302422,-3.053260999999985,5,0,ENVIRONMENT_SENSITIVE,ENVIRONMENT_SENSITIVE
board-108--restricted-split--ordinary,reserved,False,1.0512100306577397,1.4561384999999802,2,1,0.9859265251021422,-0.4738740000000021,2,1,0.9798351040691848,-0.4946544999999887,3,1,1.0344184674486618,1.096374499999989,1,1,1.0099437616710598,0.25256749999999784,2,1,1.0894011827624088,2.2477864999999895,1,2,ENVIRONMENT_SENSITIVE,ENVIRONMENT_SENSITIVE
board-026--restricted-split--T,development,False,1.012098006871399,0.06656050000000846,2,1,0.9470404500325625,-0.23957300000000004,3,1,0.9533295933497633,-0.17837800000000215,4,0,1.0073023017664595,0.025577999999995882,4,1,0.9858860449069047,-0.04264950000001022,3,0,1.0142846526746976,0.046440000000004034,1,1,NO_CONSISTENT_A0_IMPROVEMENT,A0_IMPROVED_R_COMPARISON_SEPARATE
board-112--restricted-split--ordinary,reserved,False,0.9942937580075926,-0.20032549999999816,2,1,0.9900544204861,-0.327963000000004,3,0,0.9340716816568296,-2.1566680000000105,4,0,0.97517059583151,-0.6347649999999945,3,1,0.9585035423401302,-1.4490319999999883,4,0,1.0718095026017211,2.072303000000005,0,1,ENVIRONMENT_SENSITIVE,ENVIRONMENT_SENSITIVE
board-114--restricted-split--L,reserved,False,0.9679786398161175,-0.6289799999999985,3,0,0.9429139988252357,-0.8278779999999983,4,0,1.1068336663868883,1.5119350000000047,0,1,0.9062765292054694,-1.8478890000000021,5,0,1.046025620655037,0.5654679999999956,2,2,0.9013328194538159,-1.7131680000000031,5,0,ENVIRONMENT_SENSITIVE,ENVIRONMENT_SENSITIVE
board-115--restricted-split--L,reserved,False,0.8495490565418137,-2.3631565000000023,3,2,1.2046807882425763,3.0700674999999933,1,3,0.9878977497375333,-0.2371389999999991,3,1,1.0788583645291623,1.0691300000000012,2,1,0.9774383540677186,-0.47223650000000106,3,0,1.0625622675179534,1.3107080000000053,2,2,ENVIRONMENT_SENSITIVE,ENVIRONMENT_SENSITIVE
board-112--restricted-split--L,reserved,False,1.0646245422676701,0.40782000000000096,2,3,1.0032013959180968,0.019085999999994385,4,0,0.9850276140688465,-0.07961400000000651,3,1,1.0564852552304629,0.28875500000000187,2,1,1.0783612449118665,0.4259204999999966,1,2,1.004779148908522,0.03292150000000049,3,0,ENVIRONMENT_SENSITIVE,ENVIRONMENT_SENSITIVE
board-119--restricted-split--Z,reserved,False,1.0815238038963133,0.3890090000000015,0,3,0.9776091888966593,-0.08435699999999713,2,0,0.9805427013646442,-0.09416249999998882,3,1,1.0287901933826573,0.1427215000000004,0,1,1.0245025206825786,0.1033065000000093,2,2,0.9923433941900529,-0.04143299999999783,3,1,ENVIRONMENT_SENSITIVE,ENVIRONMENT_SENSITIVE
board-107--restricted-split--S,reserved,False,1.063961641786976,0.5567074999999946,2,1,1.1772980236471005,1.4374085000000036,2,3,1.0304668803713546,0.2229509999999948,2,2,1.1735380310348131,1.4066230000000033,0,4,1.063322564890515,0.5804540000000031,1,2,1.067852719229443,0.6467595000000017,1,3,ENVIRONMENT_SENSITIVE,ENVIRONMENT_SENSITIVE
board-070--bag--ordinary,development,False,0.9517480946095503,-1.4948359999999923,4,0,1.0621013862047541,2.2409980000000047,1,1,1.0846219353375606,2.219431499999999,2,2,1.035401666251786,1.2219835000000216,3,1,0.9743343649842682,-0.7778385000000156,2,0,1.000917492654552,0.04253300000000593,3,2,NO_CONSISTENT_A0_IMPROVEMENT,NO_CONSISTENT_A0_IMPROVEMENT
board-113--restricted-split--I,reserved,False,0.9600958471754748,-0.1817984999999922,2,1,1.011743123561912,0.059285999999993066,2,1,1.1051242209824508,0.6057969999999884,1,2,1.0305986687244622,0.19731749999999693,3,2,0.9230981722561142,-0.3809114999999963,2,1,1.0200093362463194,0.14965249999999486,2,2,ENVIRONMENT_SENSITIVE,ENVIRONMENT_SENSITIVE
board-120--restricted-split--I,reserved,False,0.9676135208143894,-4.694376999999982,3,0,0.8649035134844058,-21.95605749999997,5,0,1.009960051967603,1.6362170000000233,2,0,0.8385854934416637,-24.603209,5,0,0.9825216641747296,-3.0808854999999937,3,0,0.8562233378024976,-21.522016500000007,5,0,ENVIRONMENT_SENSITIVE,ENVIRONMENT_SENSITIVE
board-106--restricted-split--T,reserved,False,1.0363957138316553,0.1776685000000029,2,2,0.9642573837410948,-0.2114779999999996,4,0,1.084718255619123,0.6646619999999999,1,2,1.0299534959499066,0.1712530000000001,1,1,1.1727980809211274,0.8704409999999996,1,4,0.840694123694613,-1.158911500000002,5,0,ENVIRONMENT_SENSITIVE,ENVIRONMENT_SENSITIVE
board-110--restricted-split--T,reserved,False,1.0262273249102294,0.64673650000001,1,0,0.9551166527126103,-1.0251875000000084,4,0,0.9835605968156451,-0.3938090000000045,3,1,0.9734504792850682,-0.5393939999999944,4,0,1.0094557540312745,0.2866704999999925,2,1,0.9329199565795508,-1.973501999999975,4,0,ENVIRONMENT_SENSITIVE,ENVIRONMENT_SENSITIVE
board-119--restricted-split--ordinary,reserved,False,0.9696765044386082,-0.668146500000006,3,1,0.9581082203557034,-0.6734509999999929,2,1,1.0315597962950107,0.6807545000000061,0,3,0.9794364965637882,-0.4688170000000156,3,0,1.041385047272262,1.0080245000000048,3,2,0.9197358314937276,-1.9996020000000172,5,0,ENVIRONMENT_SENSITIVE,ENVIRONMENT_SENSITIVE
board-110--restricted-split--I,reserved,False,0.9878136657067922,-1.9429605000000123,3,0,0.9721484273352137,-4.341781999999981,5,0,0.9966441428340671,-0.5795014999999921,3,0,0.9651504771213912,-4.8093669999999875,5,0,0.9871856908753869,-1.7275194999999997,4,0,0.9545900136964798,-5.643401499999996,4,0,ENVIRONMENT_SENSITIVE,ENVIRONMENT_SENSITIVE
board-025--restricted-split--J,development,True,0.982362762167772,-12.616970500000036,4,0,0.8165344529841473,-114.47101599999999,5,0,0.9983909379754737,-1.3087179999998853,3,0,0.8062322554604361,-126.41707000000002,5,0,0.976963212374985,-16.38364950000002,5,0,0.8370299441434261,-104.59537300000005,5,0,A0_IMPROVED_R_COMPARISON_SEPARATE,NO_CONSISTENT_A0_IMPROVEMENT
board-118--restricted-split--L,reserved,False,0.9896450429632317,-0.2850375000000085,3,0,0.9977878285286199,-0.07906700000002331,3,0,1.0286331015655055,0.8369585000000015,2,0,0.988072353899835,-0.2882575000000003,4,0,1.0026810608034993,0.1948434999999833,2,0,0.9531865611772345,-1.2584194999999951,3,0,ENVIRONMENT_SENSITIVE,ENVIRONMENT_SENSITIVE
board-118--restricted-split--T,reserved,False,0.9504301044427922,-2.6406670000000076,3,0,0.9358853434943566,-3.0230649999999883,4,0,1.0131412208657484,0.7036544999999919,2,1,0.911392769154159,-3.4736350000000016,5,0,0.9881547899593195,-0.2787825000000055,3,0,0.9146514573637019,-4.685444499999996,4,0,ENVIRONMENT_SENSITIVE,ENVIRONMENT_SENSITIVE
board-113--restricted-split--T,reserved,False,0.9865893727075301,-0.09449999999998937,2,0,1.0359480977769069,0.30993000000000137,3,2,1.0154195025355077,0.1513039999999961,3,2,0.9673602604966882,-0.3117729999999952,2,1,0.925785238052006,-0.6434269999999955,3,0,1.0520833939227892,0.3827890000000096,2,1,ENVIRONMENT_SENSITIVE,ENVIRONMENT_SENSITIVE
board-115--bag--ordinary,reserved,False,1.1510332403765158,3.268375999999975,1,4,0.7980187950416624,-4.4261524999999935,4,1,0.9686797678836865,-0.8506859999999818,3,2,0.9227822039005371,-1.1564035000000032,3,1,1.2129033224171968,3.690962500000005,2,3,0.8429320220931404,-3.1519659999999945,5,0,ENVIRONMENT_SENSITIVE,ENVIRONMENT_SENSITIVE
board-093--restricted-split--T,development,False,0.9506130325658912,-6.4840355000000045,2,0,0.899457108632817,-13.145416000000026,5,0,1.0216352215584354,2.3897075000000143,2,1,0.8353360070188625,-21.854338,5,0,1.0021836553284154,0.3278710000000302,4,0,0.869150189934983,-15.477844000000019,5,0,A0_IMPROVED_R_COMPARISON_SEPARATE,NO_CONSISTENT_A0_IMPROVEMENT
board-110--restricted-split--S,reserved,False,1.0216855858688731,2.662282499999982,2,0,0.9669312254268486,-3.7706834999999828,4,0,1.0151667780698719,1.8585794999999834,4,0,0.961670678079952,-2.882916499999993,3,0,0.9957373461305696,-0.5131015000000119,4,0,0.9672529995960888,-3.4021239999999864,4,0,ENVIRONMENT_SENSITIVE,ENVIRONMENT_SENSITIVE
board-107--bag--ordinary,reserved,False,1.02809192947448,0.3091164999999876,2,2,0.8460918942789478,-1.9613019999999892,4,1,1.1642307436221089,1.8312309999999883,1,4,0.8823022612024181,-1.382003999999995,2,0,1.042283207322824,0.4848209999999895,2,3,0.8203396887889619,-2.2649760000000114,4,0,ENVIRONMENT_SENSITIVE,ENVIRONMENT_SENSITIVE
board-113--restricted-split--S,reserved,False,1.0625045314698132,0.574042999999989,1,1,0.888589241203374,-1.1775130000000047,4,1,0.9973148946941612,-0.033453999999998985,3,1,0.9667833495753011,-0.442963000000006,3,1,1.0295798600989228,0.46324499999999347,1,3,0.9024848041103868,-1.0406345000000101,4,1,ENVIRONMENT_SENSITIVE,ENVIRONMENT_SENSITIVE
board-119--restricted-split--J,reserved,False,1.10920039665102,1.3112144999999984,1,4,0.9439899105779923,-0.8610480000000038,3,2,0.9686204665525164,-0.37630750000001,3,0,1.0050485944622545,0.01143000000000427,2,2,0.9854162216187012,-0.1683619999999948,2,1,1.0334393120399767,0.35126249999999715,0,2,ENVIRONMENT_SENSITIVE,ENVIRONMENT_SENSITIVE
board-114--restricted-split--J,reserved,False,0.9175608347830753,-0.7511120000000062,4,1,1.1687643415417917,1.4022065000000055,2,3,0.9806433500499876,-0.11797999999999575,1,3,0.9525673538386894,-0.5966475000000031,3,1,1.1766361307064868,1.0143494999999945,2,2,0.9829671103761168,-0.136908499999997,2,2,ENVIRONMENT_SENSITIVE,ENVIRONMENT_SENSITIVE
board-114--restricted-split--T,reserved,False,1.0036414766511643,0.0020565000000090095,3,2,1.0020490440963896,0.026242000000010535,3,1,1.0323306415463822,0.31859850000000733,2,2,0.9872459207476706,-0.08793150000000338,2,0,1.0632369342452512,0.6680620000000133,2,2,0.9466574640610737,-0.6165994999999995,3,1,ENVIRONMENT_SENSITIVE,ENVIRONMENT_SENSITIVE
board-106--restricted-split--S,reserved,False,1.0013634683692745,-0.028561500000002127,3,1,1.120690958093276,1.3395795000000064,1,3,1.095003282309392,1.1700730000000021,1,2,1.0582871442934056,0.8382775000000038,2,3,1.0371763476450935,0.4161860000000104,0,1,1.0596692338016265,0.8950625000000016,2,3,ENVIRONMENT_SENSITIVE,ENVIRONMENT_SENSITIVE
board-068--restricted-split--J,development,False,1.070490127979292,0.8269039999999848,1,1,0.999643773532055,-0.005398500000005413,2,0,0.989335611709802,-0.12879249999999587,3,1,1.121500097144132,1.4754459999999838,2,1,1.0964727742830616,1.512958999999995,2,2,1.0201115190974037,0.3189194999999998,2,1,NO_CONSISTENT_A0_IMPROVEMENT,NO_CONSISTENT_A0_IMPROVEMENT
board-119--restricted-split--I,reserved,False,1.1181557078658564,1.678006499999988,2,2,0.9389518606559129,-1.0167469999999952,4,0,1.00901914474678,0.16620250000001136,3,1,0.9838040802448371,-0.3850605000000016,3,0,1.0296603502706998,0.31865949999999543,2,0,0.923976374245912,-1.4254185000000064,4,1,ENVIRONMENT_SENSITIVE,ENVIRONMENT_SENSITIVE
board-113--restricted-split--Z,reserved,False,1.0665207735979674,0.5364695000000026,1,4,0.8371245623024705,-0.9600845000000007,5,0,0.86101208104624,-1.2067704999999904,5,0,1.063627202524382,0.34945850000000434,4,1,0.9976972193811617,-0.015913999999987993,3,0,1.0342951098478665,0.24061599999998862,3,1,ENVIRONMENT_SENSITIVE,ENVIRONMENT_SENSITIVE
board-009--restricted-split--O,development,False,0.7255695213610567,-44.186416,5,0,0.9023156307287159,-10.456029500000014,5,0,0.9925816449029825,-0.802058499999994,4,0,0.6546460138691355,-54.0396615,5,0,0.7082477186229892,-44.6490845,5,0,0.9353383111857998,-6.974830500000017,5,0,A0_IMPROVED_R_COMPARISON_SEPARATE,A0_IMPROVED_R_COMPARISON_SEPARATE
board-113--restricted-split--ordinary,reserved,False,0.9121999660662299,-5.3708079999999825,5,0,1.0222644811731048,1.160000999999994,3,0,0.9916410983878802,-0.3763890000000103,4,0,0.894849518025121,-7.391671499999987,5,0,0.9070693403204988,-6.740428500000007,5,0,0.9928644167577474,-0.39687500000001563,2,0,ENVIRONMENT_SENSITIVE,ENVIRONMENT_SENSITIVE
board-112--restricted-split--S,reserved,False,1.0348276535341743,0.1388924999999972,3,1,0.9801040424087215,-0.08239299999999616,4,0,0.9524779327308172,-0.1677710000000019,3,0,0.9934977557917618,-0.0271915000000007,4,0,0.9719581970118539,-0.0906310000000019,3,0,0.9846373491490762,-0.0628965000000008,3,0,ENVIRONMENT_SENSITIVE,ENVIRONMENT_SENSITIVE
board-107--restricted-split--I,reserved,False,1.062396062575067,0.98780450000001,1,3,0.9466681073613339,-0.8690540000000126,2,1,0.9737618755135506,-0.413042499999996,4,0,1.1501922264721833,2.1435940000000073,0,1,1.0324284773098926,0.5265124999999955,2,2,1.0109140977622826,0.2572954999999908,2,0,ENVIRONMENT_SENSITIVE,ENVIRONMENT_SENSITIVE
board-088--restricted-split--ordinary,development,True,1.0009610377275884,1.9135569999998552,2,0,0.9838677551527952,-41.3105314999998,4,0,1.0018167709817574,4.431299500000023,2,0,0.9917601752046592,-20.95402899999999,4,0,0.9999152894601515,-0.3039200000000619,2,0,0.9913666159613741,-21.94987399999968,4,0,A0_IMPROVED_R_COMPARISON_SEPARATE,NO_CONSISTENT_A0_IMPROVEMENT
board-118--restricted-split--Z,reserved,False,1.0035616859192233,0.6281240000000139,1,0,0.9106114602000375,-9.99907899999998,5,0,0.9708451996057232,-3.372916999999987,4,0,0.8966040820041441,-12.168620499999996,4,0,0.9789455518689528,-2.2025845000000075,4,0,0.927922844483849,-9.495069500000007,4,0,ENVIRONMENT_SENSITIVE,ENVIRONMENT_SENSITIVE
board-080--restricted-split--S,development,False,0.9974336880397481,-0.3881084999999871,4,0,0.9546494804486045,-6.600109000000032,3,0,0.9866115318403041,-1.9581984999999804,3,0,0.9447054254148843,-7.696763499999996,5,0,0.984139674003643,-2.2665184999999894,4,0,0.9789225592878522,-3.1258905000000112,3,0,NO_CONSISTENT_A0_IMPROVEMENT,NO_CONSISTENT_A0_IMPROVEMENT
board-120--restricted-split--T,reserved,False,1.0363597325248528,2.983911000000006,1,0,0.9486015226581029,-4.773445499999994,4,0,1.018875168272081,2.1230850000000103,3,0,0.97776903158984,-2.223345500000015,4,0,1.0661181418772634,7.090866500000004,2,1,0.9456450584304573,-5.856820000000013,3,0,ENVIRONMENT_SENSITIVE,ENVIRONMENT_SENSITIVE
board-024--restricted-split--I,development,False,0.8756058982658019,-1.1562650000000048,4,0,1.0871626397622594,0.8242600000000024,0,2,1.0246986449605786,0.19019049999999993,2,2,0.9538429192103839,-0.4781304999999918,2,0,0.9560780413985173,-0.4129544999999908,4,1,1.0258923979637522,0.23488349999999514,0,1,NO_CONSISTENT_A0_IMPROVEMENT,NO_CONSISTENT_A0_IMPROVEMENT
board-038--restricted-split--Z,development,False,1.0006183736597798,0.4070239999999927,1,0,0.9814462167990246,-2.3000344999999953,4,0,1.0028516346613428,0.32877450000000863,3,0,0.9771531747982001,-2.4710794999999948,3,0,0.9955136017935808,-0.3083755000000039,4,0,0.9764160561597476,-2.361070500000011,3,0,A0_IMPROVED_R_COMPARISON_SEPARATE,NO_CONSISTENT_A0_IMPROVEMENT
board-028--restricted-split--ordinary,development,False,0.9993899781489228,-4.73098550000077,3,1,0.9956606976369062,-30.431301500000245,3,0,1.0048712738227117,35.691763500000434,0,0,1.0027775668801289,19.448353500000394,2,0,1.0083121193252251,58.46985450000011,0,1,0.991723725893417,-53.90386550000085,3,0,NO_CONSISTENT_A0_IMPROVEMENT,NO_CONSISTENT_A0_IMPROVEMENT
board-041--restricted-split--L,development,True,0.9673175996979536,-6.863016000000016,5,0,0.8108522044032724,-31.074266499999993,5,0,0.9767210101651898,-4.270188499999989,5,0,0.7826876218061214,-42.44305050000003,5,0,0.948206366020473,-10.510790499999985,5,0,0.8310842688133515,-27.131388500000014,5,0,A0_IMPROVED_R_COMPARISON_SEPARATE,A0_IMPROVED_R_COMPARISON_SEPARATE
board-118--restricted-split--I,reserved,False,1.0054126016505203,1.2752814999999913,1,0,0.7868714616636256,-45.191445,5,0,1.0053211164623976,1.0940374999999847,2,0,0.7781630946795992,-45.194072500000004,5,0,1.0140897345426971,2.82736749999998,2,0,0.784785544200744,-46.285482499999986,5,0,ENVIRONMENT_SENSITIVE,ENVIRONMENT_SENSITIVE
board-117--restricted-split--S,reserved,False,0.9835316796370686,-1.4419604999999933,2,0,0.9311864709867119,-9.105216000000013,4,0,0.9882315215011717,-0.8235065000000077,3,0,0.9245043388008374,-9.262443499999982,4,0,0.9641380272707436,-4.768400499999984,5,0,0.9564200715025265,-5.5241379999999936,3,0,ENVIRONMENT_SENSITIVE,ENVIRONMENT_SENSITIVE
board-011--restricted-split--T,development,True,0.934402753064654,-11.607968499999998,5,0,0.8478875929429242,-31.390296000000006,4,0,1.008857811108826,1.4487230000000153,4,0,0.7863464187999611,-43.22004650000001,5,0,0.9344220486350252,-13.126266000000001,5,0,0.8364986476090904,-31.081236000000047,5,0,A0_IMPROVED_R_COMPARISON_SEPARATE,NO_CONSISTENT_A0_IMPROVEMENT
board-110--bag--ordinary,reserved,False,1.088369452331435,2.008741999999984,2,1,0.9885139956450398,-0.18533949999999066,2,0,1.0290668516442558,0.6237740000000045,2,2,1.0311279924615029,0.734479499999992,2,1,1.083620520087515,1.5391949999999994,1,3,1.0454318162228549,1.0184794999999838,3,0,ENVIRONMENT_SENSITIVE,ENVIRONMENT_SENSITIVE
board-120--restricted-split--S,reserved,False,0.9721235723142101,-2.8562675000000013,3,0,0.9775087534642763,-2.0640465000000248,5,0,1.0565653915702158,4.438700499999982,0,0,0.9559464567240171,-4.835331499999995,5,0,1.0096304585111646,1.1880020000000115,2,0,0.9324153296196758,-6.272523999999997,5,0,ENVIRONMENT_SENSITIVE,ENVIRONMENT_SENSITIVE
board-115--restricted-split--Z,reserved,False,0.9548557881843802,-1.6235524999999953,3,0,0.9620538541796368,-1.3766025000000042,5,0,1.0487182174075098,1.598076000000006,2,2,0.9217557758014145,-2.6791105,4,0,0.992441633223444,-0.25298249999999456,4,0,0.9277337632500386,-3.0651365000000084,3,0,ENVIRONMENT_SENSITIVE,ENVIRONMENT_SENSITIVE
board-107--restricted-split--T,reserved,False,0.9862994265539735,-0.11910849999999584,2,1,0.9168287693171657,-0.6802309999999991,3,1,0.9230579293960725,-0.6352655000000098,3,2,0.9678006357174482,-0.5571399999999969,2,3,1.0157008679236712,0.19894649999999103,2,3,0.9909315855262588,-0.04945400000000433,2,2,ENVIRONMENT_SENSITIVE,ENVIRONMENT_SENSITIVE
board-113--restricted-split--O,reserved,False,1.0829705818799376,0.6952155000000104,1,3,0.9176295788378429,-1.194814000000001,3,0,0.8985390776218194,-1.2471740000000011,5,0,0.985773052445022,-0.12878400000000312,2,3,1.0468078080223062,0.6702534999999941,2,2,1.0100660274891977,0.17623350000000926,1,1,ENVIRONMENT_SENSITIVE,ENVIRONMENT_SENSITIVE
board-106--restricted-split--O,reserved,False,1.0301186466645713,0.19971650000000807,2,2,0.9609506164420616,-0.5307254999999884,4,0,1.0394167834756247,0.5322689999999994,2,1,0.9671974961466434,-0.38893850000000185,3,0,0.9738019543187211,-0.13578749999999928,3,1,0.9496625926022986,-0.49675749999999397,4,1,ENVIRONMENT_SENSITIVE,ENVIRONMENT_SENSITIVE
board-008--restricted-split--S,development,False,0.990256061541762,-0.8987595000000184,3,0,0.9217749739645701,-10.576715999999976,5,0,0.9652122800766441,-3.789372500000006,4,0,0.8988896973699737,-13.19391749999997,5,0,0.9378180117939607,-5.7955045,5,0,0.9275529433802774,-9.305216999999992,4,0,A0_IMPROVED_R_COMPARISON_SEPARATE,A0_IMPROVED_R_COMPARISON_SEPARATE
board-118--restricted-split--S,reserved,False,0.97172947207936,-2.41112549999999,4,0,0.9350813725505068,-6.033285499999998,5,0,1.0050230590240945,0.9354544999999845,2,0,0.8853237352823816,-12.820782000000015,5,0,0.9991227002098351,-0.09783550000000929,3,0,0.9047222779548355,-11.428519999999999,5,0,ENVIRONMENT_SENSITIVE,ENVIRONMENT_SENSITIVE
board-111--restricted-split--O,reserved,False,0.9925930246087324,-0.08321049999999985,3,0,1.0261445259403548,0.3418759999999921,2,1,0.9968148293419552,-0.005676500000006968,3,1,0.9705517496255134,-0.42731250000001353,3,1,0.9779957599663943,-0.23910000000001475,3,1,1.0486889610155026,0.4163275000000013,1,2,ENVIRONMENT_SENSITIVE,ENVIRONMENT_SENSITIVE
board-044--restricted-split--Z,development,False,0.9991072398173635,-0.0076240000000069585,2,2,0.9709075312943931,-0.18107200000000034,3,1,1.0613479400747563,0.3128015000000133,2,2,1.030911893538795,0.13936399999999338,2,2,1.0429076471796823,0.2304060000000021,1,1,1.0104831674203423,0.06355200000000139,2,1,NO_CONSISTENT_A0_IMPROVEMENT,NO_CONSISTENT_A0_IMPROVEMENT
board-065--restricted-split--ordinary,development,False,1.0640105944906124,1.6732034999999996,2,2,1.0318462901733068,0.9957470000000228,1,1,1.0070669267808958,0.23199499999998352,2,0,1.0908816186146102,2.5372620000000197,0,2,1.0041807151408724,0.12771449999999618,2,1,0.9897045537358582,-0.3371450000000067,2,3,NO_CONSISTENT_A0_IMPROVEMENT,NO_CONSISTENT_A0_IMPROVEMENT
board-012--restricted-split--L,development,False,0.9584844130545529,-10.540707500000053,5,0,0.8557880679844316,-35.73065100000002,5,0,1.0028669782121944,0.7555850000000248,1,0,0.819416436612227,-43.12923249999997,5,0,0.968270753066891,-7.244949999999989,5,0,0.8427613352833329,-39.289420999999976,5,0,A0_IMPROVED_R_COMPARISON_SEPARATE,NO_CONSISTENT_A0_IMPROVEMENT
board-106--restricted-split--L,reserved,False,0.920607062845338,-0.6685350000000057,3,2,0.9374922221308881,-0.7464919999999964,3,2,1.0999300163919765,1.0158415000000076,1,2,1.0079013428539485,0.07480100000000078,3,2,0.9933276124827982,-0.05632550000001402,2,1,0.75194561990704,-2.2288344999999836,3,2,ENVIRONMENT_SENSITIVE,ENVIRONMENT_SENSITIVE
board-111--restricted-split--Z,reserved,False,0.9219081626020449,-0.7241130000000027,3,1,0.9422416877542004,-0.4027074999999982,4,1,0.9549797020293429,-0.268180000000001,3,0,0.9350950391995452,-0.6548985000000087,4,0,0.8946953477559325,-0.9295814999999976,4,1,0.9992317222401342,0.014856499999986283,2,1,ENVIRONMENT_SENSITIVE,ENVIRONMENT_SENSITIVE
board-100--bag--ordinary,development,False,0.9138240988665037,-2.9183570000000074,5,0,1.052615717742953,1.2864279999999937,1,1,0.998741954076512,0.008983499999992262,2,0,0.896268111618346,-3.2239259999999987,5,0,0.9039226438339394,-3.095395999999994,4,0,1.0038222159350436,-0.05723699999999354,2,2,NO_CONSISTENT_A0_IMPROVEMENT,NO_CONSISTENT_A0_IMPROVEMENT
board-081--restricted-split--T,development,False,1.006071539443201,0.11027050000001282,3,1,0.9303350052621369,-0.8118284999999972,3,1,1.0374556412546014,0.5587430000000069,3,1,1.0101470482738555,0.14342599999999806,4,0,0.939030872564378,-1.0209184999999792,3,1,0.9673236189399939,-0.49819949999999835,2,0,NO_CONSISTENT_A0_IMPROVEMENT,NO_CONSISTENT_A0_IMPROVEMENT
board-113--restricted-split--L,reserved,False,0.9771192657642147,-0.2182175000000015,3,1,0.9682153937805538,-0.31296099999999427,3,1,1.0072365224577802,0.06547750000000008,2,2,0.9466578613537895,-0.4680384999999987,3,0,1.0011278504888543,0.011233000000004267,1,1,0.9698075078367536,-0.2794760000000025,5,0,ENVIRONMENT_SENSITIVE,ENVIRONMENT_SENSITIVE
board-106--restricted-split--Z,reserved,False,0.9340313664939758,-1.8355525000000057,3,0,0.958190299416092,-1.0387699999999924,3,1,0.9814762265102044,-0.35148550000000256,1,2,0.8709001227913853,-3.1155894999999916,2,0,0.9316793357732083,-1.5513479999999973,3,1,0.8837636069118098,-2.781538000000012,3,2,ENVIRONMENT_SENSITIVE,ENVIRONMENT_SENSITIVE
board-119--restricted-split--T,reserved,False,1.0119612113977823,0.063378500000006,3,0,1.1809792403849002,0.9369419999999877,0,5,1.1496697573844386,0.8140445000000014,0,4,1.2037638346580475,1.057583000000001,0,5,1.1103535794503139,0.6826574999999977,1,4,1.1072887058910272,0.7966784999999987,1,2,ENVIRONMENT_SENSITIVE,ENVIRONMENT_SENSITIVE
